0.017150751300499666,0.017164527926074737,0.635064389405372,0.6349862764854752,0.10866080497097923,0.10864305464689136,0.004801958970266541,0.004801190068253512,0.44654750854731656,0.4464776193008305,0.8904911926685373,0.8904912178071124
0.019264990613215575,0.019281829882309084,0.6591959742534602,0.6590334125710335,0.10195174566403807,0.10193359275320436,0.004145983810552434,0.004145250912596275,0.3388746482839114,0.3388179402149285,1.0646991666276318,1.064701173317552
0.028514921289094608,0.02855186239529652,0.47951871667463464,0.47945973587248364,0.0762165982823847,0.07620413859449685,0.0034439248303057284,0.0034433685713643855,0.2938090577769015,0.29376259371105323,1.0396988801600797,1.0397022386197328
0.09359549978961952,0.09362328954727041,0.47951871667463464,0.47945973587248364,0.05989379816656421,0.05988383118578166,0.0031096878931603546,0.003109162416141453,0.25587988496904274,0.2558385522793668,1.0461177226751217,1.0461231124732315
0.10592794498440737,0.10596020718590579,0.41722212461464847,0.4171192351353855,0.04682499942300937,0.04681710131885461,0.0025117661619022988,0.0025113290989766993,0.20783354208116833,0.20779994345226804,1.067317980742254,1.067322352165825
0.13453967056798063,0.1345841510092144,0.3771432391985091,0.3770968505800877,0.038805444648476274,0.03879865135445293,0.0021317055932869623,0.00213132622678829,0.1725966886340233,0.17256864440957406,1.004903397697031,1.0049061027430635
0.15384397490327967,0.15387665771702244,0.31874741695400066,0.3187082110217152,0.03319399123931478,0.03318812659997137,0.0019421302921918278,0.001941792207877856,0.15919834152748566,0.1591730196444526,1.1073281335442466,1.1073312604624388
0.15301307971684816,0.1530467547851539,0.2951482302836994,0.29507544495922206,0.028442589335299952,0.02843765115227944,0.0018316678577164354,0.0018313403121129703,0.14685205159590034,0.1468286814915495,1.058180948580772,1.0581836625377232
0.1790258010634702,0.17906332504202652,0.2708139856846726,0.27078067556443336,0.02283513998499354,0.022830730807690224,0.001591398125196609,0.001591123467913917,0.1327482089903798,0.13272679027912312,1.0340227748530932,1.034025730875002
0.1921911808563402,0.1922341277183122,0.2708139856846726,0.27078067556443336,0.018741447957896618,0.018737576069906236,0.0015404263344769341,0.0015401599681265355,0.1250303576000672,0.12501018271288825,1.0845592810413278,1.0845613721487
0.20075590546909466,0.2007932036187067,0.2951482302836994,0.29507544495922206,0.0173172207668921,0.017313628603612435,0.0015318817386330503,0.0015316040742397697,0.1186164035369952,0.11859715158356789,1.0712315942259785,1.0712338947121631
0.21381178221525493,0.2138395188565854,0.29411232833720713,0.29407615252082164,0.015305916126538407,0.015302763585308578,0.0014313351303132335,0.0014310808059712545,0.11006923519006834,0.1100515558479927,1.0840441136455838,1.0840464529963407
0.22530663048738098,0.2253515647689343,0.24144043173415897,0.24141073456105566,0.013831210726336226,0.013828417425422162,0.001334306659490155,0.0013340834924384102,0.10513056532901122,0.10511390960165368,1.0152068823004727,1.0152088903263945
0.23018189636010364,0.23023780833964794,0.2400251015876973,0.2399659099574949,0.013224827620572492,0.013222216821946743,0.0013142799687025932,0.0013140699283022113,0.10185968934655099,0.10184367265458945,0.9652740425580365,0.9652750889978219
0.23747756977150827,0.23754401234384856,0.21886020800349482,0.21881994062332555,0.012677731737169325,0.012675190646086893,0.0012730352182489307,0.0012728281956150024,0.09755311169876565,0.09753776350277098,0.9480893591393107,0.9480912779447315
0.24875308883602998,0.24882748583823125,0.21886020800349482,0.21881994062332555,0.011462928390942961,0.011460609432119084,0.0012226115487080946,0.0012224111296376093,0.09286599316573473,0.0928514283652567,0.897622303276954,0.8976237203385007
0.2661667888819372,0.26624263267709075,0.20932165358188032,0.20929590701848974,0.010560249403542681,0.010558098958666147,0.0011428688714651982,0.0011426791259443463,0.08546495138050429,0.08545154391607648,0.8979090540034813,0.8979109549325764
0.26871833262495237,0.2687925451265065,0.1938706183259561,0.193846772239902,0.010048385906928668,0.010046349324914322,0.0011134495375365767,0.0011132643274016174,0.08397582344052382,0.08396264951774085,0.9146684991534685,0.9146701223716374
0.26790894217245936,0.26798202224198203,0.1971870262441301,0.19716277223990197,0.00945831903320547,0.009456446852405473,0.0011121728396623913,0.0011119887241796734,0.08380603262302189,0.08379288367805796,0.9507500558750929,0.9507519571900642
0.27520737048980654,0.27527765243692326,0.19234493584005882,0.19232127741295052,0.008846415137706974,0.008844680812703377,0.0010806993861300473,0.0010805205598553426,0.07920532146557184,0.07919276204502498,0.9209145778356292,0.9209166930612672
0.2864272730661468,0.2864948257986708,0.17497495003370553,0.17495342811485137,0.007806190325381275,0.007804684616228814,0.0010359343049195602,0.0010357620176448732,0.07494420080732145,0.07493248093182607,0.9042915946060539,0.9042925775496469
0.2897286544979029,0.2897920379840092,0.17497495003370553,0.17495342811485137,0.0075082208326530675,0.007506788235304422,9.945012294159167E-4,9.943363167025587E-4,0.07190916160401686,0.0718978205884831,0.8796403507336176,0.8796409557676297
0.2934700567169963,0.29354114640652273,0.17497495003370553,0.17495342811485137,0.0072682808664182,0.007266888124589368,9.998162430640855E-4,9.99645573751891E-4,0.07060770490606605,0.07059648093038072,0.8938962010955382,0.8938968102868042
0.29468614217557926,0.29475243584496047,0.17497495003370553,0.17495342811485137,0.006905018696253269,0.006903720371052158,9.87425215637873E-4,9.87256017957456E-4,0.06941868686984837,0.06940761891776,0.8635129906656711,0.8635134799660812
0.2947204014486777,0.29479452855839583,0.17919223496692238,0.1791701943220213,0.006370107067903662,0.006368913957142861,9.96470037390494E-4,9.963005654717828E-4,0.06920564313613964,0.069194626445138,0.8443166804422501,0.8443173770565737
0.29961565560911707,0.29969315631992627,0.17919223496692238,0.1791701943220213,0.005788554854896678,0.0057874957211367095,9.837278510019126E-4,9.835616651972749E-4,0.06643097583185431,0.06642042346155697,0.8476954499094619,0.8476961238686918
0.29718597908000727,0.297265138201887,0.1850223536582264,0.18497672603568005,0.005491720111872414,0.005490729518129762,0.0010031416151039232,0.0010029717628264503,0.0675687165349355,0.06755793658906468,0.8967004256187263,0.8967011874496179
0.29848550922228567,0.29856055953690286,0.17588810109673925,0.17584472603568013,0.00523505842048002,0.00523411202074848,9.820666583917352E-4,9.81900075623887E-4,0.06608453030189745,0.06607398589422538,0.8413680176157639,0.84136869330566
0.3043891504356547,0.30445967003668256,0.18923229049809034,0.18920901492635908,0.00497177989818105,0.004970887953276017,9.510884088037953E-4,9.5092610511657E-4,0.06377761049919065,0.06376752159960783,0.8535503287204916,0.8535510045842876
0.30506395972583883,0.3051369141531352,0.18923229049809034,0.18920901492635908,0.00485127201357659,0.004850405079170613,9.539813927356489E-4,9.538190320395243E-4,0.06305947222167096,0.06304949787960111,0.8696878537103365,0.8696884508819103
0.3061490652235946,0.30622151317378987,0.17292830431334022,0.17290703413190966,0.004747881910069764,0.004747038398973998,9.453965284835134E-4,9.452354071451893E-4,0.06253598945087042,0.06252608700183811,0.8639959968810336,0.863996806059501
0.30642449942007505,0.306495306973867,0.1815134854892977,0.18149115933058252,0.004436385418632792,0.004435608738286287,9.454427460824119E-4,9.452814738375723E-4,0.0614763570822836,0.061466601634148355,0.8238930541286249,0.8238936905139302
0.30734761217964385,0.3074179650725146,0.1815134854892977,0.18149115933058252,0.00434676113382767,0.0043460091152282675,9.412819863872928E-4,9.411213597576197E-4,0.06094133704192742,0.06093164893850585,0.8175781056800722,0.8175787028203583
0.3103871848456413,0.31046132628209394,0.1815134854892977,0.18149115933058252,0.00412645024421758,0.004125734025869432,9.254056760179852E-4,9.252472573409828E-4,0.05971151304969586,0.05970202201163643,0.8064940802569048,0.8064946851019754
0.31153173097626324,0.31160530868917025,0.1815134854892977,0.18149115933058252,0.004044574670288941,0.004043875654406182,9.208575287744777E-4,9.206996736865106E-4,0.0592976697214748,0.059288256459594665,0.8157978398389927,0.8157984982150319
0.31117710213071087,0.31125073888075117,0.1815134854892977,0.18149115933058252,0.0038138982966136443,0.0038132602281718262,9.304689647144278E-4,9.303102741948899E-4,0.05914179092184238,0.05913241660959245,0.8268441258847419,0.8266557567416808
0.3152968704647073,0.3153688090910638,0.1815134854892977,0.18149115933058252,0.0036973400198534677,0.0036967195450331265,9.171686903947151E-4,9.170127650958817E-4,0.05774120749577697,0.057732039896171636,0.8421840770204032,0.8424265552653272
0.3164046293382345,0.3164760223598804,0.1815134854892977,0.18149115933058252,0.0036172044991062773,0.0036165971404477247,9.088723638814343E-4,9.08717808111934E-4,0.05700957579138369,0.057000519784290375,0.8578354795886616,0.8581065453210711
0.31699491807417934,0.3170662574651606,0.1815134854892977,0.18149115933058252,0.003581397905807278,0.003580792983393089,9.071510639292084E-4,9.069968260567922E-4,0.05677568416279503,0.056766681779761755,0.8657823201478261,0.8657831743268617
0.3192389542492023,0.31931227865074174,0.1815134854892977,0.18149115933058252,0.003517926183315716,0.0035173283604637306,9.023967157420854E-4,9.022444672334327E-4,0.056164581738260895,0.05615569687279916,0.8336221011395191,0.833622569648965
0.3219097433216361,0.3219817302733482,0.1815134854892977,0.18149115933058252,0.003428420144368323,0.0034278448973045694,8.935609043415239E-4,8.9340916438798E-4,0.05499913168198091,0.0549904284168107,0.8382111367217876,0.838211630809237
0.32337907553709083,0.3234461690373938,0.1815134854892977,0.18149115933058252,0.0032914689704133587,0.003290909166091589,9.048393098905465E-4,9.046851583853826E-4,0.05328192603574331,0.053273423343378964,0.823062891351024,0.8230633623039141
0.3264728923101753,0.3265515113807207,0.1815134854892977,0.18149115933058252,0.0032041678227001692,0.0032036197761477693,8.975971698577281E-4,8.974444514862391E-4,0.05239639710306717,0.0523880200407732,0.79389509585387,0.7938955161427319
0.32569965219244007,0.3257753738354145,0.1815134854892977,0.18149115933058252,0.003078915633599171,0.0030783892158366406,8.989803797353728E-4,8.98827812453933E-4,0.052292239233829106,0.052283898079053995,0.8394407474409717,0.8394413694440339
0.3263249137698614,0.32640052371034006,0.18109058628449262,0.18106831214237964,0.0030202009250239743,0.003019687011221889,8.98702269187167E-4,8.985504963619193E-4,0.05196369364470837,0.05195540407810082,0.8427371058222535,0.8427377010777434
0.32632491376986134,0.32640052371034006,0.18109058628449262,0.18106831214237964,0.003000551722681446,0.0030000441767457963,8.98665269648547E-4,8.985135594767926E-4,0.051924129368984065,0.0519158491975151,0.8405698694018768,0.8405704819377785
0.32827244196357963,0.3283476788113608,0.18109058628449262,0.18106831214237964,0.0028530627081169153,0.0028525835093257414,8.882253757389282E-4,8.880750668042045E-4,0.05103879527977862,0.051030650672639,0.8134836753143615,0.8134844261314782
0.3281501773770699,0.32822547444385336,0.18109058628449262,0.18106831214237964,0.002825913290651621,0.0028254396140838575,8.913444471599774E-4,8.911933515528007E-4,0.05108515883024495,0.05107699472963709,0.8330365934898021,0.833037417070949
0.32853778376168685,0.3286128753889223,0.18109058628449262,0.18106831214237964,0.002768586518741169,0.0027681291235127042,8.912970394795831E-4,8.911465211516629E-4,0.05084450354528937,0.05083638108647836,0.8195457047895335,0.8195465118201172
0.3289624056393251,0.32903813039025387,0.18109058628449262,0.18106831214237964,0.002608012343500584,0.0026075772654886864,8.994358895408915E-4,8.992830280932102E-4,0.05030579516202772,0.05029773884001424,0.8549791598402746,0.8549800913255545
0.32952922019430075,0.32960529753534173,0.18109058628449262,0.18106831214237964,0.002550844102537999,0.002550416017330393,8.874817733112707E-4,8.873306438501872E-4,0.05004238997529643,0.05003437394015529,0.837934785625327,0.8379356794812788
0.3308398901661433,0.3309154134015327,0.18109058628449262,0.18106831214237964,0.0024049300765170574,0.0024045199781289155,8.83089708682976E-4,8.829390784971534E-4,0.049672460955755074,0.0496645081986602,0.8286064916541694,0.8286074956389817
0.33136136787028786,0.3314392967988073,0.18109058628449262,0.18106831214237964,0.002329168074985864,0.0023287701229174,8.81065701813215E-4,8.80915629052325E-4,0.04951590039135639,0.04950797772306762,0.8563849214199715,0.8563860455785494
0.33264008131071265,0.33271738043423305,0.18109058628449262,0.18106831214237964,0.0022236673202920996,0.0022232854068726885,8.78558461456016E-4,8.784090340808859E-4,0.04908401093064676,0.049076162532189646,0.8407623038700798,0.8407632887142649
0.334085034619334,0.33416279411771,0.18109058628449262,0.18106831214237964,0.0021292970468908554,0.002128931661911737,8.79051859379194E-4,8.789024329101695E-4,0.04860043593599981,0.048592683605042354,0.8388464629480761,0.8388476184852032
0.3350013724935833,0.3350781345830739,0.18109058628449262,0.18106831214237964,0.002063301114959962,0.00206294547305659,8.742245709692029E-4,8.740759083218991E-4,0.04820988357208798,0.04820219679512926,0.8153727583781109,0.8153738123887037
0.3350013724935833,0.3350781345830739,0.18109058628449262,0.18106831214237964,0.0020207648082813585,0.002020421681746058,8.742245709692029E-4,8.740759083218991E-4,0.04820988357208798,0.04820219679512926,0.8167953748756461,0.8167963198673492
0.3368646321462248,0.3369446563847841,0.18109058628449262,0.18106831214237964,0.00197989809803384,0.001979563841994724,8.789902280810214E-4,8.788409856455692E-4,0.04742981229255302,0.047422232280497606,0.843511389300085,0.8435124961071883
0.33737655226956575,0.337455220057117,0.18109058628449262,0.18106831214237964,0.0019758483835171916,0.0019755183136864313,8.770155447570547E-4,8.768663128497241E-4,0.04725798171823643,0.047250428574025796,0.8248167747387694,0.8248176885184557
0.3455727889121087,0.34564802658070043,0.15190679692578368,0.15188811238976185,0.0018800019470435333,0.0018796915744165605,8.744133929818107E-4,8.742644873607746E-4,0.04535522543881146,0.04534791403772814,0.8206527157356499,0.8206535260628804
0.3466776796322536,0.34675237310878726,0.15190679692578368,0.15188811238976185,0.0018579133699239386,0.0018576047608264749,8.687731953222935E-4,8.686245050474275E-4,0.04503233962847021,0.04502508334703676,0.8196198695782538,0.8196206632585838
0.3475812314776677,0.3476558442515889,0.15190679692578368,0.15188811238976185,0.0018298624564642967,0.001829559479144741,8.685319707739005E-4,8.683836420012553E-4,0.04475145025347641,0.04474424789229859,0.826638066876549,0.826638916262961
0.34863509605112736,0.34870920060268557,0.15190679692578368,0.15188811238976185,0.00179313179765772,0.001792837516916893,8.640633777812031E-4,8.639155873730855E-4,0.044458030886867214,0.04445087647412561,0.8565257344841076,0.8565265955740632
0.3471286922923843,0.34720340940914995,0.15190679692578368,0.15188811238976185,0.0017780570869303798,0.0017777664425628675,8.63959834027297E-4,8.638122492008437E-4,0.044541395215476565,0.04453425078273225,0.8596607338114493,0.8596616415706004
0.34683160642767913,0.34690285663228754,0.15190679692578368,0.15188811238976185,0.0017843786821327803,0.0017840859681222227,8.633021989177084E-4,8.631540967479308E-4,0.04451916297877991,0.04451201627529713,0.8584359324446004,0.8584367636262155
0.3468467553702447,0.3469179981135409,0.15190679692578368,0.15188811238976185,0.0017810943462796818,0.0017808027680761929,8.629963586377785E-4,8.628483226365138E-4,0.044533339524784415,0.04452618983882438,0.8651032136293837,0.8651042769461751
0.348073187240687,0.3481435838674614,0.15190679692578368,0.15188811238976185,0.0017933614565678762,0.0017930693357806676,8.6001964939242E-4,8.598724956581096E-4,0.04446324624714994,0.04445608728080532,0.8922159942098541,0.892217130384479
0.3483213111498209,0.34839158556807437,0.15190679692578368,0.15188811238976185,0.001752399855922398,0.0017521141010540613,8.614992424825284E-4,8.613515452270765E-4,0.04435161972562785,0.04434447513224702,0.9051940203366713,0.905195077450583
0.3482632499946322,0.3483335530097586,0.15190679692578368,0.15188811238976185,0.0017307464280336055,0.0017304633724424356,8.630250013933992E-4,8.628772042233477E-4,0.04428860603321775,0.04428146781844298,0.8792380646109617,0.8792390946729598
0.35112676832440715,0.35120182637067815,0.15190679692578368,0.15188811238976185,0.0016954288277208655,0.0016951487888011796,8.623914484389787E-4,8.622439194577644E-4,0.04364229909978707,0.043635281942308535,0.893212838303427,0.89321359333671
0.3507555871287893,0.3508303994669152,0.15799347453056656,0.15795451239178648,0.0016951746700929193,0.0016948946522759175,8.639371347944914E-4,8.637900112008934E-4,0.04374008573881082,0.043733064443340956,0.9080294441397726,0.9080302241249998
0.34817607476423335,0.3482524297554567,0.15799347453056656,0.15795451239178648,0.001686707507998361,0.0016864291463030813,8.542113456022776E-4,8.540651995724513E-4,0.04384336342865425,0.043836357410738526,0.8961337920534589,0.896134572287057
0.34772142814978063,0.3477983895702024,0.15799347453056656,0.15795451239178648,0.0016738143777213824,0.0016735375132872566,8.591954352740036E-4,8.590487756205663E-4,0.04389388035643482,0.043886864071258,0.8929067534841154,0.8929077127141792
0.3473226368520466,0.3473997946892296,0.15799347453056656,0.15795451239178648,0.001676749112140692,0.001676472908689287,8.594690336794846E-4,8.593229001555191E-4,0.04396813514173365,0.04396110055555659,0.8833748011982728,0.8833756540499978
0.34777551870893036,0.3478574582394549,0.15799347453056656,0.15795451239178648,0.0016602145111733713,0.0016599405875584129,8.547772512303398E-4,8.54632753818423E-4,0.043680560589470084,0.04367356219384871,0.8835625690320617,0.8835632666972815
0.3476948411832263,0.3477768204498694,0.15799347453056656,0.15795451239178648,0.0016575245161915963,0.0016572512677040198,8.574510816181915E-4,8.573061232259514E-4,0.04370975032012668,0.04370274402131008,0.8654680039887304,0.8654686876646378
0.34998410235199345,0.35007238735698964,0.15799347453056656,0.15795451239178648,0.0016429886179249594,0.0016427152567636538,8.535621095770294E-4,8.53418438263923E-4,0.04318213804051103,0.04317524483743661,0.8392380947956471,0.8392388320250463
0.34996005043557127,0.3500480538337471,0.15799347453056656,0.15795451239178648,0.0016377282002856743,0.0016374564043544718,8.554057135812006E-4,8.552611731014826E-4,0.043218109307432286,0.04321121080650016,0.8465341174818681,0.8465348212803527
0.3502362304911543,0.35032620095431954,0.15799347453056656,0.15795451239178648,0.0016499529535131396,0.0016496803054681316,8.567410629928478E-4,8.565960766661319E-4,0.043236482962005884,0.04322958657492907,0.8586380579249635,0.8586387715630902
0.34965664196625246,0.34974689789427543,0.15799347453056656,0.15795451239178648,0.0016463409122079921,0.001646068817147144,8.59581166198824E-4,8.594359498140569E-4,0.043414433271989225,0.043407516244219034,0.8622767899211417,0.8622776197388361
0.3499040258950492,0.34999432709346007,0.15799347453056656,0.15795451239178648,0.001625471070089131,0.0016252005442749281,8.597104412683752E-4,8.595652295075603E-4,0.04332777808615181,0.04332087174200519,0.8792345748017252,0.8792353856493976
0.35017896284578104,0.3502692107509475,0.15799347453056656,0.15795451239178648,0.0016026865238968505,0.0016024204636167288,8.583871931070341E-4,8.582420858515339E-4,0.04319702793130137,0.043190142920942455,0.8916604962833892,0.8916612770880573
0.3501593070593574,0.3502495646455925,0.15799347453056656,0.15795451239178648,0.0016012226786673537,0.001600956752530642,8.589995702487139E-4,8.588544203715573E-4,0.043207160766253166,0.043200273209236646,0.896186545494131,0.8961873462266934
0.3508242917515633,0.35091694317932853,0.15799347453056656,0.15795451239178648,0.0015653023414044238,0.0015650395751456376,8.574613265973932E-4,8.5731621224763E-4,0.0429223125730524,0.042915470976299296,0.8857137875631909,0.8857145143183107
0.3520072749705946,0.35210104700013906,0.15799347453056656,0.15795451239178648,0.0015606965664331203,0.0015604353692183618,8.550216539051792E-4,8.548772189249117E-4,0.04273290965960736,0.04272608050772925,0.8856826820026824,0.8856834248022831
0.3528173093050335,0.35291068236819756,0.15190679692578368,0.15188811238976185,0.0015254135476092433,0.0015251578731863148,8.565919992149515E-4,8.564474112786084E-4,0.04239502618346182,0.042388253872470236,0.8822860607882593,0.8822868230805169
0.3528173093050335,0.3529106823681975,0.15190679692578368,0.15188811238976185,0.0015175256466333816,0.0015172732259717229,8.565338695715942E-4,8.563892927886972E-4,0.04239305280910359,0.042386281636949255,0.8818542327061346,0.8818549921685513
0.35255440149033757,0.3526479040435427,0.15190679692578368,0.15188811238976185,0.0015080848187612884,0.00150783489084381,8.56690254521277E-4,8.56545759329669E-4,0.04237796287095558,0.042371195656164096,0.9134113129033429,0.9134122131666196
0.3556066276695322,0.3556986712987769,0.14346356628178636,0.14344592026313374,0.0014301618424326398,0.0014299235634146923,8.55125787558765E-4,8.549808585756517E-4,0.04156518994789777,0.041558558937339465,0.8971636658499416,0.8971645956310235
0.3557150513088619,0.35580704153618886,0.14346356628178636,0.14344592026313374,0.0014222470575448566,0.0014220104152406685,8.548597353355418E-4,8.547148070579537E-4,0.04151046450655429,0.0415038426789185,0.894716150532555,0.8947170690345464
0.35491379698935116,0.35500647971504384,0.1450901699465415,0.1450723238556381,0.0013903325347751814,0.0013900997279596514,8.525030230829746E-4,8.523583667057024E-4,0.04157082014229675,0.04156419368889607,0.9029010950677341,0.9029020140993816
0.3552924662665971,0.3553843726357072,0.1450901699465415,0.1450723238556381,0.0013837094927244761,0.0013834776070449136,8.490428493035765E-4,8.488981394479376E-4,0.041441095952135784,0.041434483516821094,0.8842254088974028,0.8842262890756352
0.35537270626048684,0.355464370075392,0.1450901699465415,0.1450723238556381,0.0013770668671418745,0.00137683539971093,8.478415503324868E-4,8.476969458293702E-4,0.04129543237727226,0.04128884183101832,0.8700738274334773,0.8700746490216182
0.3549465895016847,0.3550381690523275,0.15197780565985808,0.1519591123897619,0.0013753545224231784,0.0013751219061550709,8.474446568284181E-4,8.47300136640482E-4,0.04137031227668202,0.04136370481312565,0.8723745195354338,0.87237540188855
0.3551306805704651,0.35522216945069507,0.15197780565985808,0.1519591123897619,0.0013721761125757184,0.0013719437673437843,8.472898022808524E-4,8.471452949571513E-4,0.04132456778310695,0.041317968187985,0.8722199589206763,0.8722208424299754
0.3560837230321469,0.3561777932055954,0.15197780565985808,0.1519591123897619,0.0013251748132685928,0.0013249481105305676,8.467927142626161E-4,8.466476299526542E-4,0.040888042109904,0.040881508768990896,0.8651974281758232,0.8651983355620118
0.357049240774524,0.35714673394821717,0.15190679692578368,0.15188811238976185,0.001307741549944976,0.0013075193669597734,8.434756666639982E-4,8.433313079319769E-4,0.04059700897112387,0.0405905311063657,0.8568115600567562,0.8568125200778879
0.35703600188699,0.3571335267977078,0.15190679692578368,0.15188811238976185,0.0013071957576055683,0.0013069739866838777,8.424137692942036E-4,8.422694936095176E-4,0.04057860083725888,0.04057212607810159,0.8552155091774208,0.8552164704069667
0.3572771320431716,0.35737453819000303,0.15190679692578368,0.15188811238976185,0.0012965038303715004,0.0012962829960415563,8.405787959735742E-4,8.404342423690924E-4,0.0404608985719699,0.04045444020028049,0.8741128748503708,0.8741135605553223
0.35741165601172115,0.35750899590143415,0.15190679692578368,0.15188811238976185,0.0013020279580572337,0.0013018062764029977,8.399932681545439E-4,8.398487928919904E-4,0.040437325050278576,0.04043086793098181,0.8742550117819284,0.8742556515500721
0.3565386901372228,0.35663407271547015,0.15190679692578368,0.15188811238976185,0.0012879661828602961,0.0012877480416119665,8.415586525034599E-4,8.414134725988585E-4,0.040548381197963224,0.04054190328370532,0.862928250002617,0.8629287954458069
0.35736557865768137,0.35746055396835236,0.15179927528747073,0.15178060397661042,0.001277766218389481,0.001277549357046104,8.415671544592547E-4,8.414223534327914E-4,0.04026486111175718,0.040258429546429435,0.886096514547136,0.8860971851991767
0.3575722278761989,0.357667101405887,0.15179927528747073,0.15178060397661042,0.0012843306461474524,0.001284115716053804,8.424248236272908E-4,8.422799135824065E-4,0.04015856906104227,0.04015216100248308,0.8855363288794107,0.8855370882656698
0.3575790698654768,0.3576739400252784,0.15179927528747073,0.15178060397661042,0.0012852446394264743,0.0012850294751011024,8.412548206285155E-4,8.41110262595109E-4,0.04015064690305002,0.04014423999599495,0.8848292720859847,0.884830080592216
0.3601548053293736,0.36024839316947205,0.1403691634471962,0.14035189804009218,0.0012536138690617796,0.0012534078809900507,8.349140062853587E-4,8.347705167419253E-4,0.0394545178641648,0.039448234402360595,0.8813488588497519,0.8813497994769419
0.3589697390618212,0.3590598888824315,0.1413785378831962,0.14134367308748297,0.001250708557702892,0.0012505034412079227,8.352128148534215E-4,8.350692325412155E-4,0.0396112360108491,0.03960490844134406,0.8474517533112285,0.8474526336787274
0.35906871559182,0.3591591674797985,0.1413785378831962,0.14134367308748297,0.001258081416139498,0.0012578746272923188,8.317739609768211E-4,8.31631520068983E-4,0.039575075718275045,0.039568754330444,0.8419675353117231,0.8419684092771338
0.35920830135183157,0.3592979848761417,0.1413785378831962,0.14134367308748297,0.0012542603421476484,0.0012540539333020656,8.299667617586332E-4,8.298250410902268E-4,0.039541722175675593,0.03953540704839267,0.8423906018193241,0.8423914990215837
0.35946523442817996,0.3595547914051881,0.1403691634471962,0.14035189804009218,0.0012509040764765937,0.0012506978569137611,8.306540713836796E-4,8.30512161779477E-4,0.039471914858056616,0.03946561375810295,0.8405792992934397,0.8405801953262609
0.35930637352909317,0.3593960087498933,0.1403691634471962,0.14035189804009218,0.001248140992883444,0.001247935772784173,8.302446409239893E-4,8.301027678714521E-4,0.03970190644260768,0.0396955732382092,0.8380212983042961,0.8380221742166707
0.35966612341239107,0.3597555814455058,0.1403691634471962,0.14035189804009218,0.0012417048992051515,0.0012415007134836396,8.296113708531307E-4,8.294695630814669E-4,0.039610571315257775,0.0396042541137318,0.8232006907912943,0.8232015399457335
0.3598694964323758,0.35995885429813435,0.1403691634471962,0.14035189804009218,0.0012504026707814383,0.0012501956253701152,8.289883271805854E-4,8.288465825634968E-4,0.039377251872770504,0.039370972045962835,0.8296345018711415,0.8296353599964554
0.3598694964323758,0.35995885429813435,0.1403691634471962,0.14035189804009218,0.0012461576795615925,0.0012459512216607775,8.291303333009381E-4,8.28988580424092E-4,0.03937312188353596,0.03936684254070475,0.8294774559935837,0.8294783104968078
0.360014678296291,0.3601039646555957,0.1403691634471962,0.14035189804009218,0.0012322916773035452,0.0012320871450732336,8.277413164821494E-4,8.275997906293316E-4,0.03932389841143398,0.03931762882933109,0.8195497167201904,0.8195505451548183
0.36010250204250005,0.3601928357932238,0.1403691634471962,0.14035189804009218,0.0012269467318955219,0.0012267439413421745,8.277502429415843E-4,8.276087313129941E-4,0.03929264207168348,0.03928637756436786,0.8212871021258944,0.8212877201787316
0.3607427417637731,0.36083276017709276,0.1403691634471962,0.14035189804009218,0.0011948020129805854,0.0011946039986073173,8.254483503364927E-4,8.253074199575722E-4,0.03909635150571239,0.039090114988398775,0.8110577603063277,0.8110581855896097
0.36013963072177935,0.36022991490536627,0.1403691634471962,0.14035189804009218,0.0011942465052031687,0.001194048709970718,8.252674766576284E-4,8.251265955801667E-4,0.03912179549246563,0.03911556232712344,0.8164389135536895,0.8164393303700506
0.3608818423917552,0.3609717610136724,0.1403691634471962,0.14035189804009218,0.001183476102111475,0.0011832805387190224,8.246969563875704E-4,8.245561320281339E-4,0.03899553446092157,0.03898931590550029,0.8238454715317195,0.8238459049548712
0.3609905330327395,0.3610815142415696,0.1403691634471962,0.14035189804009218,0.001178911693285824,0.00117871662839895,8.245748201890741E-4,8.244338827569939E-4,0.03887552783401797,0.03886932363976417,0.8097017471641084,0.8097021732452935
0.361354684502606,0.361445960368473,0.1403691634471962,0.14035189804009218,0.0011676991564497639,0.0011675044152188968,8.241036465616613E-4,8.239627879225706E-4,0.03875234661425101,0.038746162774259886,0.8267833320599677,0.8267837658662531
0.36134959824428264,0.3614408766152856,0.1403691634471962,0.14035189804009218,0.0011692767522754248,0.0011690812604021599,8.24100146849581E-4,8.239592990660979E-4,0.038753947168001256,0.03874776353076588,0.829994907758187,0.8299953457347172
0.36134959824428264,0.3614408766152856,0.1403691634471962,0.14035189804009218,0.0011684408143706937,0.0011682453883492788,8.24100146849581E-4,8.239592990660979E-4,0.038753947168001256,0.03874776353076588,0.8147035247235574,0.8147039625136899
0.3621972687593443,0.36228879719188045,0.1403691634471962,0.14035189804009218,0.0011570870528672937,0.0011568956876129549,8.246284892440913E-4,8.244875770368569E-4,0.038691699253023105,0.03868552249359897,0.8140202086473065,0.8140206286288574
0.3622499842558757,0.3623412722933884,0.1403691634471962,0.14035189804009218,0.0011587631962775686,0.0011585712771679914,8.244821048515263E-4,8.243412274626184E-4,0.038645348923451936,0.038639178045907975,0.812819246114025,0.8128197049950527
0.3622499842558757,0.3623412722933884,0.1403691634471962,0.14035189804009218,0.0011587631962775686,0.0011585712771679914,8.244821048515263E-4,8.243412274626184E-4,0.038645348923451936,0.038639178045907975,0.812819246114025,0.8128197049950527
0.3621246169732752,0.36221596675796186,0.1403691634471962,0.14035189804009218,0.0011596046096983028,0.0011594098345969865,8.248540500281271E-4,8.24713150477193E-4,0.03868204977202405,0.03867587171613174,0.812764955458108,0.8127654979418215
0.3622011958689845,0.36229250793625173,0.1403691634471962,0.14035189804009218,0.001156438582820876,0.0011562441340968166,8.252274445853694E-4,8.25086468469083E-4,0.03866740898975417,0.038661233143869246,0.8165003684077058,0.8165008857343714
0.36269421505229826,0.36278433660609155,0.1403691634471962,0.14035189804009218,0.0011313936025923402,0.0011312042470193002,8.259173761302309E-4,8.257760624662119E-4,0.03847607924647507,0.03846993386506523,0.8387691783074541,0.8387697151181132
0.36254554749021456,0.3626316008823584,0.1403691634471962,0.14035189804009218,0.0011253698465005773,0.0011251824829574262,8.253390501266459E-4,8.251978097960577E-4,0.03846839675766712,0.03846225138616816,0.8379416946938564,0.8379422193238558
0.36254554749021456,0.3626316008823584,0.1403691634471962,0.14035189804009218,0.0011248258018017327,0.0011246388989159153,8.253804148487131E-4,8.25239171640228E-4,0.03846816778904906,0.03846202247401515,0.8418892472906032,0.8418897765618966
0.36254554749021456,0.3626316008823584,0.1403691634471962,0.14035189804009218,0.0011248258018017327,0.0011246388989159153,8.253804148487131E-4,8.25239171640228E-4,0.03846816778904906,0.03846202247401515,0.8418892472906032,0.8418897765618966
0.36274039551424825,0.3628263529378538,0.1403691634471962,0.14035189804009218,0.001114939112461341,0.0011147542016807157,8.252529102646944E-4,8.251116922542733E-4,0.03837110315781406,0.03836497183039235,0.8330832674922195,0.8330838524821695
0.36276697940750136,0.3628529237377365,0.1403691634471962,0.14035189804009218,0.001120267608141389,0.0011200833320900154,8.23857609260028E-4,8.237165983157139E-4,0.038353887930698057,0.03834775829091053,0.8301761968005251,0.8301766951624164
0.36283414082865173,0.36292005207985784,0.1403691634471962,0.14035189804009218,0.0011181067218746935,0.0011179228673049628,8.22890947535641E-4,8.227501622528446E-4,0.038320909744835055,0.03831478757117969,0.8246884631349609,0.8246889633074624
0.36328339141913557,0.36336908140085444,0.1403691634471962,0.14035189804009218,0.0011136952113847238,0.0011135122851298846,8.229982119453564E-4,8.228575355771078E-4,0.03815859354073463,0.03815248927012283,0.8110946487610352,0.8110951025461365
0.36255395564521564,0.3626387935778247,0.1403691634471962,0.14035189804009218,0.0010893015275645,0.0010891222645846726,8.192435680803332E-4,8.19103676395536E-4,0.03799300843591819,0.03798691110367198,0.7933901376333975,0.7933906494423363
0.362894456393006,0.36297981395256707,0.1403691634471962,0.14035189804009218,0.0010636028064584784,0.0010634251588103809,8.192133213040854E-4,8.190733457345218E-4,0.03781975809026555,0.0378136913355514,0.8014496580320908,0.8014501943520257
0.36303289022233837,0.3631181704301725,0.1403691634471962,0.14035189804009218,0.0010643655731624171,0.001064187451835863,8.191971118711101E-4,8.190571178303359E-4,0.03780292452078042,0.03779686229001454,0.8016568481783019,0.8016573889537809
0.36318069188070357,0.3632668171864132,0.1403691634471962,0.14035189804009218,0.001062856547293593,0.0010626785092239894,8.190272956241632E-4,8.188873108037686E-4,0.03777430549679291,0.037768250880793976,0.8035752942703189,0.8035757352732
0.36380788545391285,0.3638942558994547,0.1403691634471962,0.14035189804009218,0.001049045267374634,0.001048868656981667,8.182917621420696E-4,8.181518120038957E-4,0.03752217606230992,0.03751615845041251,0.8061926484747738,0.8061930929967811
0.36382922700414955,0.3639155869383333,0.1403691634471962,0.14035189804009218,0.001037412333819092,0.0010372398896193865,8.175214855560368E-4,8.173815682050352E-4,0.03749427864532922,0.03748826599439579,0.8082042841304001,0.80820476905494
0.3643001347487059,0.36438626274659935,0.1403691634471962,0.14035189804009218,0.001035177927137687,0.0010350060888677662,8.179764459209156E-4,8.178365071002311E-4,0.037418960730484604,0.03741295945643308,0.8039877724935643,0.8039882537342509
0.3647291493610041,0.3648150660562406,0.1403691634471962,0.14035189804009218,0.001028494002995513,0.0010283225821021362,8.169490092295206E-4,8.168093274089305E-4,0.03725893572477283,0.03725295913322618,0.801838412227169,0.8018388830597715
0.3648708855032832,0.3649567323891878,0.1403691634471962,0.14035189804009218,0.0010269978540085537,0.001026827101887115,8.171089537439352E-4,8.169693269516568E-4,0.03726121331928644,0.03725523445659207,0.8067509713410278,0.8067514241214098
0.3648708855032832,0.3649567323891878,0.1403691634471962,0.14035189804009218,0.0010269978540085537,0.001026827101887115,8.171089537439352E-4,8.169693269516568E-4,0.03726121331928644,0.03725523445659207,0.8067509713410278,0.8067514241214098
0.36480563212279077,0.3648915984157136,0.1403691634471962,0.14035189804009218,0.0010291663528222777,0.0010289955700199336,8.167929017229296E-4,8.166531758437358E-4,0.03728057522130347,0.03727459275309864,0.8137956655652799,0.8137961465911531
0.364357519684619,0.36444370668645515,0.1458799993376928,0.14584402445457612,0.0010308670448384433,0.0010306953048848954,8.17680443949071E-4,8.175406087556359E-4,0.03738819208836175,0.03738218658600261,0.8138536791542071,0.8138541547799312
0.3644877998531921,0.36457392268810945,0.1458799993376928,0.14584402445457612,0.0010158349049048335,0.001015665442407966,8.171615656197039E-4,8.170218190938888E-4,0.03732480529667231,0.0373188090808409,0.8129367777361904,0.812937253798737
0.3682554016549871,0.3683396688321992,0.1458799993376928,0.14584402445457612,0.0010073440658496984,0.001007175497698877,8.27343850281263E-4,8.272033724273628E-4,0.036861203266558264,0.03685524953608462,0.809076534456991,0.8090769810401793
0.3682554016549871,0.3683396688321992,0.1458799993376928,0.14584402445457612,0.0010073440658496984,0.001007175497698877,8.27343850281263E-4,8.272033724273628E-4,0.036861203266558264,0.03685524953608462,0.809076534456991,0.8090769810401793
0.36847318691954184,0.36855734683093194,0.1430000093681454,0.14296474470783516,0.0010081743898777728,0.0010080059541208253,8.270612735946681E-4,8.269208156580339E-4,0.03681375090869673,0.03680780606930739,0.8012789727304898,0.8012794073101193
0.36847318691954184,0.36855734683093194,0.1430000093681454,0.14296474470783516,0.00100800155859492,0.0010078331364778935,8.270612735946681E-4,8.269208156580339E-4,0.03681375090869673,0.03680780606930739,0.7993351707384008,0.7993356137998131
0.3684818301605234,0.3685659858148561,0.1430000093681454,0.14296474470783516,0.0010022034127289017,0.0010020357608478848,8.270922793081552E-4,8.269518191056909E-4,0.03680929701070886,0.036803353189827304,0.7990748983394154,0.7990753396543104
0.37014709865659584,0.37023769727283473,0.1430000093681454,0.14296474470783516,0.0010067796941135151,0.00100660951711624,8.28285625219087E-4,8.281450420031848E-4,0.03672765348090843,0.036721753966462496,0.7944630708282023,0.7944634881189188
0.3705894293723432,0.37067981012734186,0.1430000093681454,0.14296474470783516,0.0010017926464918638,0.0010016231829018645,8.280962489133659E-4,8.279550501534867E-4,0.03662935539331396,0.03662346839509064,0.7900713604707336,0.7900717743328267
0.37061140043173485,0.3707017703653229,0.1430000093681454,0.14296474470783516,9.99839417931841E-4,9.996706559482242E-4,8.279642895986864E-4,8.278230704719888E-4,0.036620503113888835,0.03661461787517671,0.790053415309171,0.790053829236877
0.3702814427834177,0.37037197523111576,0.1430000093681454,0.14296474470783516,9.912620868933744E-4,9.91092629422866E-4,8.276369368890964E-4,8.274954815123358E-4,0.03671185236801521,0.036705950784519804,0.7896359640761066,0.789636418730656
0.3704841198971403,0.3705748536448809,0.1430000093681454,0.14296474470783516,9.893401749078387E-4,9.891713202490509E-4,8.276442320967973E-4,8.27502793366373E-4,0.03666174635683992,0.0366558557105696,0.7790748900240158,0.7790752740656177
0.37048411989714025,0.3705748536448809,0.1430000093681454,0.14296474470783516,9.85613550360607E-4,9.854448664277972E-4,8.27558983192754E-4,8.274175501755301E-4,0.03666158590698303,0.036655695300280594,0.7787572856797886,0.7787576775632431
0.37048411989714025,0.3705748536448809,0.1430000093681454,0.14296474470783516,9.85613550360607E-4,9.854448664277972E-4,8.27558983192754E-4,8.274175501755301E-4,0.03666158590698303,0.036655695300280594,0.7787572856797886,0.7787576775632431
0.37048679547260643,0.37057752818635165,0.1430000093681454,0.14296474470783516,9.853735330409596E-4,9.85204918659797E-4,8.275587142054916E-4,8.27417281199047E-4,0.03666061935040884,0.0366547288575696,0.778774141220125,0.7787745309570838
0.3703060442575687,0.37039686599674737,0.1430000093681454,0.14296474470783516,9.815908711231938E-4,9.81423100824639E-4,8.294818742005275E-4,8.293406831750719E-4,0.03663649913996742,0.036630614340962236,0.785677163066974,0.7856775837889635
0.37034461252624273,0.37043537842097096,0.1430000093681454,0.14296474470783516,9.805401254112233E-4,9.803730485179092E-4,8.295321095381491E-4,8.293909350256389E-4,0.03662399518912104,0.0366181122390651,0.7861339867825582,0.7861344067482134
0.37030639196391935,0.37039717668342903,0.1430000093681454,0.14296474470783516,9.796819704107468E-4,9.795148815437335E-4,8.29421655045904E-4,8.292804868436933E-4,0.036635666746935774,0.036629781432674494,0.782896892902001,0.7828973080423398
0.37036148217399073,0.37045223975990793,0.1430000093681454,0.14296474470783516,9.775558523431498E-4,9.773890738872177E-4,8.293912231557462E-4,8.292500714768325E-4,0.036620162797783594,0.036614284065031734,0.7829269043982889,0.7829273194702223
0.3704365678486045,0.37052728850141714,0.1430000093681454,0.14296474470783516,9.802087833286708E-4,9.80041391281999E-4,8.295277690598436E-4,8.293865879887737E-4,0.036607668426241434,0.036601790899328544,0.7826807347909158,0.782681174968106
0.3706010289081262,0.3706916685588986,0.1430000093681454,0.14296474470783516,9.571699394721055E-4,9.570054451200633E-4,8.293646533046584E-4,8.2922350439724E-4,0.03655664663504853,0.03655077385044569,0.7719751554028761,0.7719756190069402
0.3706244525206175,0.3707150806345533,0.1430000093681454,0.14296474470783516,9.564549050070364E-4,9.56290469491946E-4,8.291175179414456E-4,8.28976390562556E-4,0.036548488321440364,0.03654261756111764,0.770477117922139,0.7704775801108364
0.3703672432029708,0.37045799800026574,0.1430000093681454,0.14296474470783516,9.530556626314193E-4,9.528910323611924E-4,8.308003209640688E-4,8.306587747907797E-4,0.03656059356137215,0.03655471962158601,0.7765889553993579,0.7765894210925927
0.3705053337676289,0.3705960205511491,0.1430000093681454,0.14296474470783516,9.575301143150361E-4,9.573629032335385E-4,8.322956151392089E-4,8.321539610746802E-4,0.036538182098985,0.036532311802549955,0.7672190660075388,0.7672195347170045
0.3705261418912284,0.37061681842611915,0.1430000093681454,0.14296474470783516,9.58307267253722E-4,9.581393326171097E-4,8.320921040647887E-4,8.319504680788972E-4,0.036534835423671565,0.0365289660011915,0.7670898344533771,0.767090302696146
0.36963871580512464,0.36972293024074765,0.1430000093681454,0.14296474470783516,9.507025189018665E-4,9.505373454791163E-4,8.310548603382558E-4,8.30913518142508E-4,0.036564867570256426,0.036558987567847444,0.7770012773852802,0.7770017247791415
0.3691144656528083,0.3691979369305635,0.1430000093681454,0.14296474470783516,9.524325191496583E-4,9.52267276784865E-4,8.306961364206053E-4,8.305547890100857E-4,0.03661166238741706,0.03660577184452553,0.7758845340988472,0.7758850157493828
0.36911583153934635,0.3692000561869909,0.1430000093681454,0.14296474470783516,9.404965957434822E-4,9.403348386588254E-4,8.308092445845099E-4,8.306678855666348E-4,0.03661073511948475,0.03660484467786678,0.7635105502480224,0.763511047453471
0.36931806475703155,0.36940593334611527,0.1430000093681454,0.14296474470783516,9.661219359439316E-4,9.65955814236311E-4,8.310217833294887E-4,8.308799366228382E-4,0.036593527232051004,0.036587639717119674,0.7611953817968562,0.7611957811799684
0.3693251077399501,0.3694129744270752,0.1430000093681454,0.14296474470783516,9.648108929613498E-4,9.64645163517256E-4,8.249685689843454E-4,8.248285469593215E-4,0.036580095998109005,0.0365742097060584,0.7607793760014534,0.7607797755463755
0.3693251077399501,0.3694129744270752,0.1430000093681454,0.14296474470783516,9.648108929613498E-4,9.64645163517256E-4,8.249685689843454E-4,8.248285469593215E-4,0.036580095998109005,0.0365742097060584,0.7607793760014534,0.7607797755463755
0.369261369302098,0.36934926738232915,0.1430000093681454,0.14296474470783516,9.648648675853223E-4,9.646992309590389E-4,8.2504758359681E-4,8.249075449960282E-4,0.03659528271449645,0.0365893938217959,0.7607748184250858,0.7607752173394705
0.3692572363653063,0.36934513648113376,0.1430000093681454,0.14296474470783516,9.664264239997025E-4,9.662609066126031E-4,8.256235719101158E-4,8.254833960235656E-4,0.03659603445157914,0.036590146270283015,0.7716484304861376,0.7716488253674344
0.3694070428539046,0.36949486918551094,0.1430000093681454,0.14296474470783516,9.485526064860929E-4,9.483888541802041E-4,8.249782222749088E-4,8.248382435430604E-4,0.036529093282676055,0.0365232150154224,0.7744409324971987,0.7744413726675603
0.3694070428539046,0.36949486918551094,0.1430000093681454,0.14296474470783516,9.48542268559513E-4,9.483785195676892E-4,8.249782222749088E-4,8.248382435430604E-4,0.036529093282676055,0.0365232150154224,0.7744409324971987,0.7744413726675602
0.3694070428539046,0.36949486918551094,0.1430000093681454,0.14296474470783516,9.48542268559513E-4,9.483785195676892E-4,8.249782222749088E-4,8.248382435430604E-4,0.036529093282676055,0.0365232150154224,0.7744409324971987,0.7744413726675602
0.3694070428539046,0.36949486918551094,0.1430000093681454,0.14296474470783516,9.48542268559513E-4,9.483785195676892E-4,8.249782222749088E-4,8.248382435430604E-4,0.036529093282676055,0.0365232150154224,0.7744409324971987,0.7744413726675602
0.36992110877089346,0.370008681909506,0.1430000093681454,0.14296474470783516,9.540294321404337E-4,9.53865137294696E-4,8.269568181850163E-4,8.268166281277496E-4,0.03649150985643925,0.03648563614173569,0.7740669649168143,0.7740674036449928
0.3698146065731792,0.3699022321673415,0.1430000093681454,0.14296474470783516,9.610742937168245E-4,9.609093388620132E-4,8.272386787496446E-4,8.270983617137355E-4,0.03652827031537829,0.03652239002099977,0.7763292444306739,0.7763296879168688
0.3698146065731792,0.3699022321673415,0.1430000093681454,0.14296474470783516,9.610742937168245E-4,9.609093388620132E-4,8.272386787496446E-4,8.270983617137355E-4,0.03652827031537829,0.03652239002099977,0.7763292444306739,0.7763296879168688
0.3699558740244341,0.37004343004010903,0.1430000093681454,0.14296474470783516,9.586656278959986E-4,9.58501169622265E-4,8.267744744009418E-4,8.26634242163939E-4,0.036490619561590526,0.03648474765267326,0.7763537430672609,0.7763541857882627
0.37031900705746257,0.37040638421914857,0.1430000093681454,0.14296474470783516,9.457469525237954E-4,9.455847841718759E-4,8.260065937534593E-4,8.258663639143549E-4,0.036363711983850446,0.036357856814234125,0.7874971108354447,0.7874975497438582
0.370474813277259,0.37056211369967473,0.1430000093681454,0.14296474470783516,9.377400428393139E-4,9.375801370932995E-4,8.263713730633338E-4,8.262311810371666E-4,0.03629945242889326,0.03629361122728585,0.7878486628582206,0.7878490999980244
0.3654962515703594,0.3655860040848166,0.1430000093681454,0.14296474470783516,9.344996150203915E-4,9.343405399115072E-4,8.137864399275821E-4,8.13647539951897E-4,0.03691408640575065,0.036908209857655964,0.7946296341472782,0.7946301087070025
0.3653922208851687,0.365482024637881,0.1430000093681454,0.14296474470783516,9.334320297578082E-4,9.332736319696197E-4,8.140374021801712E-4,8.138984733176439E-4,0.03694179643486915,0.036935914819735495,0.7946638160784543,0.7946642869182917
0.3648519697340224,0.36493616648939997,0.1430000093681454,0.14296474470783516,9.333179914590662E-4,9.331601048602398E-4,8.146057465110161E-4,8.144665268878814E-4,0.036997937605475595,0.036992046498774224,0.7865594315903148,0.7865599114071138
0.3648519697340224,0.36493616648939997,0.1430000093681454,0.14296474470783516,9.333179914590662E-4,9.331601048602398E-4,8.146057465110161E-4,8.144665268878814E-4,0.036997937605475595,0.036992046498774224,0.7865594315903148,0.7865599114071138
0.3648813292032452,0.36496551149819734,0.1430000093681454,0.14296474470783516,9.329034563493675E-4,9.32745911095986E-4,8.12359499441314E-4,8.122206261441969E-4,0.03694045165669775,0.03693456663984924,0.7844284312296584,0.7844289072064714
0.3648813292032452,0.36496551149819734,0.1430000093681454,0.14296474470783516,9.329034563493675E-4,9.32745911095986E-4,8.12359499441314E-4,8.122206261441969E-4,0.03694045165669775,0.03693456663984924,0.7844284312296584,0.7844289072064714
0.36485711836947804,0.3649413125889974,0.1430000093681454,0.14296474470783516,9.365690914964703E-4,9.364110980110725E-4,8.130216529458069E-4,8.128826503137267E-4,0.036951052533159966,0.03694516638041132,0.7846320291144727,0.784632503384797
0.36478870681253334,0.3648725125219618,0.1430000093681454,0.14296474470783516,9.336881252530555E-4,9.335315303736907E-4,8.135438003131211E-4,8.134048413290915E-4,0.03703293646990336,0.03702704315682839,0.7855955822825793,0.7855960590441587
0.36483387583880295,0.36491765930112147,0.1430000093681454,0.14296474470783516,9.253814439575527E-4,9.252255561658187E-4,8.137356385956874E-4,8.13596612759458E-4,0.0370150189446029,0.03700912612746392,0.7859188946324382,0.7859193620871354
0.36483387583880295,0.36491765930112147,0.1430000093681454,0.14296474470783516,9.253814439575527E-4,9.252255561658187E-4,8.137356385956874E-4,8.13596612759458E-4,0.0370150189446029,0.03700912612746392,0.7859188946324382,0.7859193620871354
0.36480146496264193,0.36488526438829605,0.1430000093681454,0.14296474470783516,9.267533309390004E-4,9.265969694821686E-4,8.14558495802223E-4,8.144191948306791E-4,0.03704643453965864,0.037040537270812725,0.7894909349934277,0.7894914367693792
0.36480146496264193,0.36488526438829605,0.1430000093681454,0.14296474470783516,9.267533309390004E-4,9.265969694821686E-4,8.14558495802223E-4,8.144191948306791E-4,0.03704643453965864,0.037040537270812725,0.7894909349934277,0.7894914367693792
0.36480146496264193,0.36488526438829605,0.1430000093681454,0.14296474470783516,9.267533309390004E-4,9.265969694821686E-4,8.14558495802223E-4,8.144191948306791E-4,0.03704643453965864,0.037040537270812725,0.7894909349934277,0.7894914367693792
0.36499988501060693,0.3650835867083933,0.1430000093681454,0.14296474470783516,9.210069714630111E-4,9.208510458352952E-4,8.133302685213244E-4,8.131912337808226E-4,0.03694549878264794,0.03693961338875725,0.7873343312630126,0.7873348539908684
0.36499988501060693,0.3650835867083933,0.1430000093681454,0.14296474470783516,9.210069714630111E-4,9.208510458352952E-4,8.133302685213244E-4,8.131912337808226E-4,0.03694549878264794,0.03693961338875725,0.7873343312630126,0.7873348539908684
0.3649025292537887,0.3649862789022263,0.1430000093681454,0.14296474470783516,9.179471149572054E-4,9.177918525550249E-4,8.155009363102696E-4,8.153614286280272E-4,0.03698708961150425,0.03698120054654315,0.7937834590721928,0.7937840070074434
0.3649212672984173,0.3650050077178019,0.1430000093681454,0.14296474470783516,9.167690706200715E-4,9.16614219913514E-4,8.153085986475347E-4,8.151691027270411E-4,0.03697054279588972,0.03696465664836402,0.8011198628188848,0.8011204125297846
0.3652267882768106,0.3653106900108203,0.1430000093681454,0.14296474470783516,9.138841332123533E-4,9.137295063758506E-4,8.145827629825538E-4,8.144433079659805E-4,0.03686767615817023,0.03686180568130315,0.8011542405061953,0.8011547483783618
0.3653006646906933,0.36538453003833715,0.1430000093681454,0.14296474470783516,9.175701080909371E-4,9.174145315225591E-4,8.1270055460503E-4,8.125617109707097E-4,0.03684267117905525,0.03683680614558561,0.7994410445574803,0.7994415143097492
0.3653006646906933,0.36538453003833715,0.1430000093681454,0.14296474470783516,9.175701080909371E-4,9.174145315225591E-4,8.1270055460503E-4,8.125617109707097E-4,0.03684267117905525,0.03683680614558561,0.7994410445574803,0.7994415143097492
0.3653006646906933,0.36538453003833715,0.1430000093681454,0.14296474470783516,9.175701080909371E-4,9.174145315225591E-4,8.1270055460503E-4,8.125617109707097E-4,0.03684267117905525,0.03683680614558561,0.7994410445574803,0.7994415143097492
0.36538792872019227,0.36547175108766533,0.1430000093681454,0.14296474470783516,9.155334013087992E-4,9.153783778507005E-4,8.12917337001513E-4,8.127784632814242E-4,0.03682893045773721,0.036823069894288726,0.8002131118369662,0.8002135784672814
0.36538792872019227,0.36547175108766533,0.1430000093681454,0.14296474470783516,9.155334013087992E-4,9.153783778507005E-4,8.12917337001513E-4,8.127784632814242E-4,0.03682893045773721,0.036823069894288726,0.8002131118369662,0.8002135784672814
0.36553828746947187,0.3656196389887809,0.1430000093681454,0.14296474470783516,8.965467753300418E-4,8.963962640640301E-4,8.12424849532785E-4,8.122860866276856E-4,0.0367450502185628,0.0367392026339611,0.8103249669388752,0.8103254439826669
0.36557566017832616,0.365656993290447,0.1430000093681454,0.14296474470783516,8.965580623540275E-4,8.9640759079542E-4,8.122601870398411E-4,8.121214732108261E-4,0.036736424599645594,0.036730577777171945,0.796184427267448,0.7961848900944696
0.3655935735911547,0.3656748978803785,0.1430000093681454,0.14296474470783516,8.957224561801557E-4,8.955723522069935E-4,8.122052224851058E-4,8.12066526265363E-4,0.036735339574302424,0.03672949288528689,0.7961598024563894,0.7961602650406292
0.36559127296370225,0.3656725983860547,0.1430000093681454,0.14296474470783516,8.960605377376431E-4,8.959105432708869E-4,8.118917617821383E-4,8.117530989630728E-4,0.036739439672542125,0.03673359307342079,0.7988280301319329,0.7988284942121594
0.36569953159764007,0.36578080369934496,0.1430000093681454,0.14296474470783516,8.936951110997783E-4,8.935459406576078E-4,8.119484503693425E-4,8.118097549901991E-4,0.036719233757694994,0.036713387165408576,0.7988434344644463,0.7988438940346596
0.3659699003339485,0.3660510392708829,0.1430000093681454,0.14296474470783516,8.914357756125266E-4,8.912865886288651E-4,8.115021860217085E-4,8.11363559594071E-4,0.03662953000503169,0.03662369954633819,0.7982168543036813,0.7982173120384187
0.36624101259679404,0.36632201800274866,0.1430000093681454,0.14296474470783516,8.819244031711357E-4,8.817773380405833E-4,8.108880211141572E-4,8.107495521667847E-4,0.036526981798164465,0.0365211735607769,0.7934677815239414,0.7934682246490405
0.36611235209468784,0.3661934208698264,0.1430000093681454,0.14296474470783516,8.786451276204578E-4,8.784981874461829E-4,8.109372703125464E-4,8.107987978414002E-4,0.03653418989379451,0.03652838197234289,0.8060371919163299,0.8060376450858892
0.36609895376737817,0.3661800291415978,0.1430000093681454,0.14296474470783516,8.831628847257815E-4,8.830154624599884E-4,8.109217646169611E-4,8.107832934395955E-4,0.036539182651228984,0.03653337418198554,0.8080950507899787,0.80809550640161
0.36609895376737817,0.3661800291415978,0.1430000093681454,0.14296474470783516,8.831628847257815E-4,8.830154624599884E-4,8.109217646169611E-4,8.107832934395955E-4,0.036539182651228984,0.03653337418198554,0.8080950507899787,0.80809550640161
0.3661339415493327,0.36621499969101295,0.1430000093681454,0.14296474470783516,8.80311076563179E-4,8.801638707388798E-4,8.114809931523306E-4,8.113427409864873E-4,0.036508232892032456,0.03650242934496203,0.804893910379865,0.804894346687044
0.36613641206335384,0.36621984992679285,0.1430000093681454,0.14296474470783516,8.76321107952754E-4,8.761745137104101E-4,8.113172288697805E-4,8.111790091941836E-4,0.03649567718545349,0.036489875424996605,0.8050479708348964,0.8050484074548118
0.36613641206335384,0.36621984992679285,0.1430000093681454,0.14296474470783516,8.76321107952754E-4,8.761745137104101E-4,8.113172288697805E-4,8.111790091941836E-4,0.03649567718545349,0.036489875424996605,0.8050479708348964,0.8050484074548118
0.3662227905953876,0.36630618591479003,0.1430000093681454,0.14296474470783516,8.712731610956654E-4,8.711287663898997E-4,8.107536011535823E-4,8.10615386813984E-4,0.03642905983358654,0.03642326817494259,0.8047419530150612,0.8047423889548344
0.3662227905953876,0.36630618591479003,0.1430000093681454,0.14296474470783516,8.712731610956654E-4,8.711287663898997E-4,8.107536011535823E-4,8.10615386813984E-4,0.03642905983358654,0.03642326817494259,0.8047419530150612,0.8047423889548344
0.3662107678851702,0.3662941691261207,0.1430000093681454,0.14296474470783516,8.733634806112275E-4,8.732189100623869E-4,8.109815832554663E-4,8.108435938224551E-4,0.036445573103944855,0.03643977885971635,0.8044494495533296,0.8044498856150691
0.3662128893288135,0.36629628952488896,0.1430000093681454,0.14296474470783516,8.702279864852943E-4,8.700837976407258E-4,8.109943539525848E-4,8.108563636305878E-4,0.03644432005474259,0.036438525944150306,0.8044296686261695,0.8044301030866646
0.3662128893288135,0.36629628952488896,0.1430000093681454,0.14296474470783516,8.739436584539069E-4,8.737991808677036E-4,8.10998871643833E-4,8.108608809812596E-4,0.03644369922981838,0.036437905272325245,0.8044342771532527,0.8044347110624006
0.3664171270179229,0.3665004266207662,0.1430000093681454,0.14296474470783516,8.708811116521166E-4,8.707380362956139E-4,8.106837725445928E-4,8.105456713472738E-4,0.036392822112064835,0.036387039649988004,0.8009392953933793,0.8009397237516015
0.3664171270179229,0.3665004266207662,0.1430000093681454,0.14296474470783516,8.708811116521166E-4,8.707380362956139E-4,8.106837725445928E-4,8.105456713472738E-4,0.036392822112064835,0.036387039649988004,0.8009392953933793,0.8009397237516015
0.3664171270179229,0.3665004266207662,0.1430000093681454,0.14296474470783516,8.708811116521166E-4,8.707380362956139E-4,8.106837725445928E-4,8.105456713472738E-4,0.036392822112064835,0.036387039649988004,0.8009392953933793,0.8009397237516015
0.3663667922120037,0.3664501166062596,0.1430000093681454,0.14296474470783516,8.672230446284828E-4,8.670803238882599E-4,8.109375096321585E-4,8.107993853998644E-4,0.03640349780010601,0.03639771202612683,0.800943992277584,0.8009444234540081
0.3663667922120037,0.3664501166062596,0.1430000093681454,0.14296474470783516,8.672230446284828E-4,8.670803238882599E-4,8.109375096321585E-4,8.107993853998644E-4,0.03640349780010601,0.03639771202612683,0.800943992277584,0.8009444234540081
0.366421783203107,0.36650508051263864,0.1430000093681454,0.14296474470783516,8.636091281937784E-4,8.634670729086967E-4,8.103693877220522E-4,8.102310483753147E-4,0.03635780646189649,0.03635202596925758,0.8014722152923945,0.8014726479009067
0.36630902560866435,0.36639237845471745,0.1430000093681454,0.14296474470783516,8.643103394071393E-4,8.641668990925991E-4,8.112242153137826E-4,8.110857355382883E-4,0.03640679073256473,0.03640100003759041,0.8015700866849306,0.8015704967195285
0.3663214573132441,0.3664048040363074,0.1430000093681454,0.14296474470783516,8.64001771126445E-4,8.638580663603205E-4,8.111996183282295E-4,8.110611544601325E-4,0.03640330281278162,0.03639751260983804,0.7974015426348626,0.7974019667022256
0.3663214573132441,0.3664048040363074,0.1430000093681454,0.14296474470783516,8.64001771126445E-4,8.638580663603205E-4,8.111996183282295E-4,8.110611544601325E-4,0.03640330281278162,0.03639751260983804,0.7974015426348626,0.7974019667022256
0.36633004634492816,0.3664124765428098,0.1430000093681454,0.14296474470783516,8.638854008680101E-4,8.63741724895056E-4,8.114647656604083E-4,8.113262336478808E-4,0.03639790417273804,0.036392114781045926,0.8055458489251973,0.805546289439491
0.36633004634492816,0.3664124765428098,0.1430000093681454,0.14296474470783516,8.638854008680101E-4,8.63741724895056E-4,8.114647656604083E-4,8.113262336478808E-4,0.03639790417273804,0.036392114781045926,0.8055458489251973,0.805546289439491
0.366336690988801,0.36641911791399484,0.1430000093681454,0.14296474470783516,8.634470357587147E-4,8.633034369454069E-4,8.114336234842886E-4,8.112950934453427E-4,0.03639661498653798,0.036390826383106284,0.8055453852903333,0.8055458256714375
0.366336690988801,0.36641911791399484,0.1430000093681454,0.14296474470783516,8.634470357587147E-4,8.633034369454069E-4,8.114336234842886E-4,8.112950934453427E-4,0.03639661498653798,0.036390826383106284,0.8055453852903333,0.8055458256714375
0.366336690988801,0.36641911791399484,0.1430000093681454,0.14296474470783516,8.634470357587147E-4,8.633034369454069E-4,8.114336234842886E-4,8.112950934453427E-4,0.03639661498653798,0.036390826383106284,0.8055453852903333,0.8055458256714375
0.36618568659088757,0.366268187890309,0.1430000093681454,0.14296474470783516,8.655449101706004E-4,8.654012046131126E-4,8.121634035782296E-4,8.120247458107588E-4,0.03644307995291787,0.03643728319169403,0.8134582828370015,0.8134587193900686
0.36649935977827774,0.36658170658417844,0.1430000093681454,0.14296474470783516,8.757836104678684E-4,8.756388131366809E-4,8.116021382694529E-4,8.114635401436002E-4,0.03640320961516641,0.036397418951175,0.8113018380152269,0.8113022802542041
0.36649935977827774,0.36658170658417844,0.1430000093681454,0.14296474470783516,8.756946867995986E-4,8.755498966409329E-4,8.116021040076673E-4,8.114635058843921E-4,0.03640294908330349,0.03639715846498324,0.8112913563204481,0.8112917985551032
0.3665184981515816,0.36660083553125533,0.1430000093681454,0.14296474470783516,8.739509278440543E-4,8.738062375437293E-4,8.115936459845912E-4,8.114550486040682E-4,0.036396219980918354,0.036390430204395086,0.8112988900033297,0.8112993319995921
0.36664975299218494,0.36673202572488456,0.1430000093681454,0.14296474470783516,8.701064741118634E-4,8.699620977009945E-4,8.114554257911245E-4,8.113168315194505E-4,0.03635539451689586,0.036349612782976416,0.8113086302667833,0.8113090681722749
0.36671532085876024,0.3667975612973047,0.1430000093681454,0.14296474470783516,8.667311208472766E-4,8.665848632377808E-4,8.117675948105921E-4,8.116288979853172E-4,0.0363313539971608,0.0363255745971696,0.8116764411012446,0.8116768593611616
